[{"model": "admin.logentry", "pk": 1, "fields": {"action_time": "2023-11-28T17:33:18.295Z", "user": 1, "content_type": 4, "object_id": "1", "object_repr": "benny", "action_flag": 2, "change_message": "[]"}}, {"model": "admin.logentry", "pk": 2, "fields": {"action_time": "2023-11-28T17:34:52.282Z", "user": 1, "content_type": 4, "object_id": "2", "object_repr": "test_user", "action_flag": 1, "change_message": "[{\"added\": {}}]"}}, {"model": "admin.logentry", "pk": 9, "fields": {"action_time": "2023-11-29T16:57:33.805Z", "user": 1, "content_type": 8, "object_id": "8", "object_repr": "benny_normal_test Profile", "action_flag": 2, "change_message": "[{\"changed\": {\"fields\": [\"Wallet\"]}}]"}}, {"model": "admin.logentry", "pk": 10, "fields": {"action_time": "2023-11-29T17:18:33.025Z", "user": 1, "content_type": 8, "object_id": "6", "object_repr": "benny Profile", "action_flag": 2, "change_message": "[{\"changed\": {\"fields\": [\"Wallet\"]}}]"}}, {"model": "admin.logentry", "pk": 11, "fields": {"action_time": "2023-11-29T17:25:09.847Z", "user": 1, "content_type": 8, "object_id": "6", "object_repr": "benny Profile", "action_flag": 2, "change_message": "[{\"changed\": {\"fields\": [\"Wallet\"]}}]"}}, {"model": "admin.logentry", "pk": 12, "fields": {"action_time": "2023-11-29T17:29:07.108Z", "user": 1, "content_type": 8, "object_id": "9", "object_repr": "benny_wallet_test Profile", "action_flag": 2, "change_message": "[{\"changed\": {\"fields\": [\"Wallet\"]}}]"}}, {"model": "admin.logentry", "pk": 13, "fields": {"action_time": "2023-11-30T21:30:12.250Z", "user": 1, "content_type": 8, "object_id": "9", "object_repr": "benny_wallet_test Profile", "action_flag": 2, "change_message": "[{\"changed\": {\"fields\": [\"Wallet\"]}}]"}}, {"model": "admin.logentry", "pk": 14, "fields": {"action_time": "2023-11-30T22:09:49.653Z", "user": 1, "content_type": 9, "object_id": "1", "object_repr": "can you see this notification?", "action_flag": 1, "change_message": "[{\"added\": {}}]"}}, {"model": "admin.logentry", "pk": 15, "fields": {"action_time": "2023-11-30T22:12:36.990Z", "user": 1, "content_type": 8, "object_id": "9", "object_repr": "benny_wallet_test Profile", "action_flag": 2, "change_message": "[{\"changed\": {\"fields\": [\"Wallet\"]}}]"}}, {"model": "admin.logentry", "pk": 16, "fields": {"action_time": "2023-11-30T22:35:05.054Z", "user": 1, "content_type": 8, "object_id": "9", "object_repr": "benny_wallet_test Profile", "action_flag": 2, "change_message": "[{\"changed\": {\"fields\": [\"Wallet\"]}}]"}}, {"model": "admin.logentry", "pk": 17, "fields": {"action_time": "2023-12-01T01:22:10.788Z", "user": 1, "content_type": 8, "object_id": "9", "object_repr": "benny_wallet_test Profile", "action_flag": 2, "change_message": "[{\"changed\": {\"fields\": [\"Wallet\"]}}]"}}, {"model": "admin.logentry", "pk": 18, "fields": {"action_time": "2023-12-01T01:53:26.718Z", "user": 1, "content_type": 8, "object_id": "9", "object_repr": "benny_wallet_test Profile", "action_flag": 2, "change_message": "[{\"changed\": {\"fields\": [\"Wallet\"]}}]"}}, {"model": "admin.logentry", "pk": 19, "fields": {"action_time": "2023-12-01T02:22:29.235Z", "user": 1, "content_type": 8, "object_id": "9", "object_repr": "benny_wallet_test Profile", "action_flag": 2, "change_message": "[{\"changed\": {\"fields\": [\"Wallet\"]}}]"}}, {"model": "admin.logentry", "pk": 20, "fields": {"action_time": "2023-12-01T03:45:23.358Z", "user": 1, "content_type": 8, "object_id": "9", "object_repr": "benny_wallet_test Profile", "action_flag": 2, "change_message": "[{\"changed\": {\"fields\": [\"Wallet\"]}}]"}}, {"model": "admin.logentry", "pk": 21, "fields": {"action_time": "2023-12-01T09:22:28.797Z", "user": 1, "content_type": 8, "object_id": "9", "object_repr": "benny_wallet_test Profile", "action_flag": 2, "change_message": "[{\"changed\": {\"fields\": [\"Wallet\"]}}]"}}, {"model": "admin.logentry", "pk": 22, "fields": {"action_time": "2023-12-01T15:33:37.891Z", "user": 1, "content_type": 8, "object_id": "12", "object_repr": "tester1 Profile", "action_flag": 2, "change_message": "[{\"changed\": {\"fields\": [\"Wallet\"]}}]"}}, {"model": "admin.logentry", "pk": 23, "fields": {"action_time": "2023-12-01T15:51:07.798Z", "user": 1, "content_type": 9, "object_id": "2", "object_repr": "testign again", "action_flag": 1, "change_message": "[{\"added\": {}}]"}}, {"model": "admin.logentry", "pk": 24, "fields": {"action_time": "2023-12-01T20:49:13.906Z", "user": 1, "content_type": 8, "object_id": "12", "object_repr": "tester1 Profile", "action_flag": 2, "change_message": "[{\"changed\": {\"fields\": [\"Wallet\"]}}]"}}, {"model": "admin.logentry", "pk": 25, "fields": {"action_time": "2023-12-01T20:49:48.265Z", "user": 1, "content_type": 8, "object_id": "12", "object_repr": "tester1 Profile", "action_flag": 2, "change_message": "[{\"changed\": {\"fields\": [\"Wallet\"]}}]"}}, {"model": "admin.logentry", "pk": 26, "fields": {"action_time": "2023-12-02T12:30:09.131Z", "user": 1, "content_type": 8, "object_id": "8", "object_repr": "benny_normal_test Profile", "action_flag": 3, "change_message": ""}}, {"model": "admin.logentry", "pk": 27, "fields": {"action_time": "2023-12-02T12:30:18.133Z", "user": 1, "content_type": 8, "object_id": "5", "object_repr": "benny5 Profile", "action_flag": 3, "change_message": ""}}, {"model": "admin.logentry", "pk": 28, "fields": {"action_time": "2023-12-02T13:44:19.393Z", "user": 1, "content_type": 8, "object_id": "15", "object_repr": "admin20 Profile", "action_flag": 2, "change_message": "[{\"changed\": {\"fields\": [\"Wallet\"]}}]"}}, {"model": "admin.logentry", "pk": 29, "fields": {"action_time": "2023-12-02T15:48:11.268Z", "user": 1, "content_type": 4, "object_id": "12", "object_repr": "admin2", "action_flag": 3, "change_message": ""}}, {"model": "admin.logentry", "pk": 30, "fields": {"action_time": "2023-12-02T15:48:21.317Z", "user": 1, "content_type": 4, "object_id": "17", "object_repr": "admin20", "action_flag": 3, "change_message": ""}}, {"model": "admin.logentry", "pk": 31, "fields": {"action_time": "2023-12-02T15:48:29.932Z", "user": 1, "content_type": 4, "object_id": "13", "object_repr": "admin34", "action_flag": 3, "change_message": ""}}, {"model": "admin.logentry", "pk": 32, "fields": {"action_time": "2023-12-02T15:48:35.741Z", "user": 1, "content_type": 4, "object_id": "16", "object_repr": "admin6", "action_flag": 3, "change_message": ""}}, {"model": "admin.logentry", "pk": 33, "fields": {"action_time": "2023-12-02T15:48:44.016Z", "user": 1, "content_type": 4, "object_id": "10", "object_repr": "benny_normal_test", "action_flag": 3, "change_message": ""}}, {"model": "admin.logentry", "pk": 34, "fields": {"action_time": "2023-12-02T15:48:50.116Z", "user": 1, "content_type": 4, "object_id": "14", "object_repr": "tester1", "action_flag": 3, "change_message": ""}}, {"model": "admin.logentry", "pk": 35, "fields": {"action_time": "2023-12-02T15:48:58.558Z", "user": 1, "content_type": 4, "object_id": "15", "object_repr": "tester2", "action_flag": 3, "change_message": ""}}, {"model": "admin.logentry", "pk": 36, "fields": {"action_time": "2023-12-02T15:49:09.057Z", "user": 1, "content_type": 4, "object_id": "8", "object_repr": "benny5", "action_flag": 3, "change_message": ""}}, {"model": "admin.logentry", "pk": 37, "fields": {"action_time": "2023-12-02T22:45:29.211Z", "user": 1, "content_type": 8, "object_id": "6", "object_repr": "benny Profile", "action_flag": 2, "change_message": "[{\"changed\": {\"fields\": [\"Wallet\"]}}]"}}, {"model": "admin.logentry", "pk": 38, "fields": {"action_time": "2023-12-02T22:55:43.505Z", "user": 1, "content_type": 8, "object_id": "16", "object_repr": "test_user Profile", "action_flag": 2, "change_message": "[{\"changed\": {\"fields\": [\"Wallet\"]}}]"}}, {"model": "admin.logentry", "pk": 39, "fields": {"action_time": "2023-12-02T23:00:13.627Z", "user": 1, "content_type": 9, "object_id": "3", "object_repr": "sorry your transfer was not good try again", "action_flag": 1, "change_message": "[{\"added\": {}}]"}}, {"model": "admin.logentry", "pk": 40, "fields": {"action_time": "2023-12-03T13:44:37.084Z", "user": 1, "content_type": 9, "object_id": "4", "object_repr": "wefewfwe", "action_flag": 1, "change_message": "[{\"added\": {}}]"}}, {"model": "admin.logentry", "pk": 41, "fields": {"action_time": "2023-12-03T21:11:42.623Z", "user": 1, "content_type": 9, "object_id": "8", "object_repr": "test notification", "action_flag": 1, "change_message": "[{\"added\": {}}]"}}, {"model": "admin.logentry", "pk": 42, "fields": {"action_time": "2023-12-03T21:43:55.724Z", "user": 1, "content_type": 4, "object_id": "11", "object_repr": "benny_wallet_test", "action_flag": 3, "change_message": ""}}, {"model": "admin.logentry", "pk": 43, "fields": {"action_time": "2023-12-03T21:44:03.205Z", "user": 1, "content_type": 4, "object_id": "18", "object_repr": "test_user", "action_flag": 3, "change_message": ""}}, {"model": "admin.logentry", "pk": 44, "fields": {"action_time": "2023-12-04T14:16:32.154Z", "user": 20, "content_type": 8, "object_id": "17", "object_repr": "benny_wallet_test2 Profile", "action_flag": 2, "change_message": "[{\"changed\": {\"fields\": [\"Wallet\"]}}]"}}, {"model": "admin.logentry", "pk": 45, "fields": {"action_time": "2023-12-07T21:59:52.198Z", "user": 1, "content_type": 8, "object_id": "6", "object_repr": "benny Profile", "action_flag": 2, "change_message": "[{\"changed\": {\"fields\": [\"Wallet\"]}}]"}}, {"model": "admin.logentry", "pk": 46, "fields": {"action_time": "2023-12-07T22:01:44.707Z", "user": 1, "content_type": 9, "object_id": "12", "object_repr": "you just have 10k", "action_flag": 1, "change_message": "[{\"added\": {}}]"}}, {"model": "admin.logentry", "pk": 47, "fields": {"action_time": "2023-12-16T18:31:46.651Z", "user": 1, "content_type": 8, "object_id": "6", "object_repr": "benny Profile", "action_flag": 2, "change_message": "[{\"changed\": {\"fields\": [\"Wallet\"]}}]"}}, {"model": "admin.logentry", "pk": 48, "fields": {"action_time": "2023-12-16T18:37:24.848Z", "user": 1, "content_type": 8, "object_id": "6", "object_repr": "benny Profile", "action_flag": 2, "change_message": "[{\"changed\": {\"fields\": [\"Wallet\"]}}]"}}, {"model": "auth.permission", "pk": 1, "fields": {"name": "Can add log entry", "content_type": 1, "codename": "add_logentry"}}, {"model": "auth.permission", "pk": 2, "fields": {"name": "Can change log entry", "content_type": 1, "codename": "change_logentry"}}, {"model": "auth.permission", "pk": 3, "fields": {"name": "Can delete log entry", "content_type": 1, "codename": "delete_logentry"}}, {"model": "auth.permission", "pk": 4, "fields": {"name": "Can view log entry", "content_type": 1, "codename": "view_logentry"}}, {"model": "auth.permission", "pk": 5, "fields": {"name": "Can add permission", "content_type": 2, "codename": "add_permission"}}, {"model": "auth.permission", "pk": 6, "fields": {"name": "Can change permission", "content_type": 2, "codename": "change_permission"}}, {"model": "auth.permission", "pk": 7, "fields": {"name": "Can delete permission", "content_type": 2, "codename": "delete_permission"}}, {"model": "auth.permission", "pk": 8, "fields": {"name": "Can view permission", "content_type": 2, "codename": "view_permission"}}, {"model": "auth.permission", "pk": 9, "fields": {"name": "Can add group", "content_type": 3, "codename": "add_group"}}, {"model": "auth.permission", "pk": 10, "fields": {"name": "Can change group", "content_type": 3, "codename": "change_group"}}, {"model": "auth.permission", "pk": 11, "fields": {"name": "Can delete group", "content_type": 3, "codename": "delete_group"}}, {"model": "auth.permission", "pk": 12, "fields": {"name": "Can view group", "content_type": 3, "codename": "view_group"}}, {"model": "auth.permission", "pk": 13, "fields": {"name": "Can add user", "content_type": 4, "codename": "add_user"}}, {"model": "auth.permission", "pk": 14, "fields": {"name": "Can change user", "content_type": 4, "codename": "change_user"}}, {"model": "auth.permission", "pk": 15, "fields": {"name": "Can delete user", "content_type": 4, "codename": "delete_user"}}, {"model": "auth.permission", "pk": 16, "fields": {"name": "Can view user", "content_type": 4, "codename": "view_user"}}, {"model": "auth.permission", "pk": 17, "fields": {"name": "Can add content type", "content_type": 5, "codename": "add_contenttype"}}, {"model": "auth.permission", "pk": 18, "fields": {"name": "Can change content type", "content_type": 5, "codename": "change_contenttype"}}, {"model": "auth.permission", "pk": 19, "fields": {"name": "Can delete content type", "content_type": 5, "codename": "delete_contenttype"}}, {"model": "auth.permission", "pk": 20, "fields": {"name": "Can view content type", "content_type": 5, "codename": "view_contenttype"}}, {"model": "auth.permission", "pk": 21, "fields": {"name": "Can add session", "content_type": 6, "codename": "add_session"}}, {"model": "auth.permission", "pk": 22, "fields": {"name": "Can change session", "content_type": 6, "codename": "change_session"}}, {"model": "auth.permission", "pk": 23, "fields": {"name": "Can delete session", "content_type": 6, "codename": "delete_session"}}, {"model": "auth.permission", "pk": 24, "fields": {"name": "Can view session", "content_type": 6, "codename": "view_session"}}, {"model": "auth.permission", "pk": 25, "fields": {"name": "Can add post", "content_type": 7, "codename": "add_post"}}, {"model": "auth.permission", "pk": 26, "fields": {"name": "Can change post", "content_type": 7, "codename": "change_post"}}, {"model": "auth.permission", "pk": 27, "fields": {"name": "Can delete post", "content_type": 7, "codename": "delete_post"}}, {"model": "auth.permission", "pk": 28, "fields": {"name": "Can view post", "content_type": 7, "codename": "view_post"}}, {"model": "auth.permission", "pk": 29, "fields": {"name": "Can add profile", "content_type": 8, "codename": "add_profile"}}, {"model": "auth.permission", "pk": 30, "fields": {"name": "Can change profile", "content_type": 8, "codename": "change_profile"}}, {"model": "auth.permission", "pk": 31, "fields": {"name": "Can delete profile", "content_type": 8, "codename": "delete_profile"}}, {"model": "auth.permission", "pk": 32, "fields": {"name": "Can view profile", "content_type": 8, "codename": "view_profile"}}, {"model": "auth.permission", "pk": 33, "fields": {"name": "Can add notification", "content_type": 9, "codename": "add_notification"}}, {"model": "auth.permission", "pk": 34, "fields": {"name": "Can change notification", "content_type": 9, "codename": "change_notification"}}, {"model": "auth.permission", "pk": 35, "fields": {"name": "Can delete notification", "content_type": 9, "codename": "delete_notification"}}, {"model": "auth.permission", "pk": 36, "fields": {"name": "Can view notification", "content_type": 9, "codename": "view_notification"}}, {"model": "auth.permission", "pk": 37, "fields": {"name": "Can add card", "content_type": 10, "codename": "add_card"}}, {"model": "auth.permission", "pk": 38, "fields": {"name": "Can change card", "content_type": 10, "codename": "change_card"}}, {"model": "auth.permission", "pk": 39, "fields": {"name": "Can delete card", "content_type": 10, "codename": "delete_card"}}, {"model": "auth.permission", "pk": 40, "fields": {"name": "Can view card", "content_type": 10, "codename": "view_card"}}, {"model": "auth.permission", "pk": 41, "fields": {"name": "Can add transaction", "content_type": 11, "codename": "add_transaction"}}, {"model": "auth.permission", "pk": 42, "fields": {"name": "Can change transaction", "content_type": 11, "codename": "change_transaction"}}, {"model": "auth.permission", "pk": 43, "fields": {"name": "Can delete transaction", "content_type": 11, "codename": "delete_transaction"}}, {"model": "auth.permission", "pk": 44, "fields": {"name": "Can view transaction", "content_type": 11, "codename": "view_transaction"}}, {"model": "auth.user", "pk": 1, "fields": {"password": "pbkdf2_sha256$600000$JOmf9LIDGatqYJhe7luQrW$MA+oDVSOkMf0RMVZFO9AbCpFv28VkMM7LVw59Sh2JLk=", "last_login": "2024-01-26T19:45:39.287Z", "is_superuser": true, "username": "benny", "first_name": "", "last_name": "", "email": "onahben977@gmail.com", "is_staff": true, "is_active": true, "date_joined": "2023-11-28T17:03:16Z", "groups": [], "user_permissions": []}}, {"model": "auth.user", "pk": 9, "fields": {"password": "pbkdf2_sha256$600000$v8A8JGW9xsiOMGqYEVWR2n$5RsMQYt9iBki6QSnIHT5bu8ERfB7FMZ+cvwXvStudG8=", "last_login": "2023-11-29T06:56:56.078Z", "is_superuser": true, "username": "benny2", "first_name": "", "last_name": "", "email": "onahben977@gmail.com", "is_staff": true, "is_active": true, "date_joined": "2023-11-29T06:56:00.714Z", "groups": [], "user_permissions": []}}, {"model": "auth.user", "pk": 19, "fields": {"password": "pbkdf2_sha256$600000$f11dvsyJYrn4C42U6AtBna$RYnNrguIdcwjhnYpqBYA5n7LtqQvXsMibiOBSn/6qvg=", "last_login": "2023-12-05T20:38:08.875Z", "is_superuser": false, "username": "benny_wallet_test2", "first_name": "", "last_name": "", "email": "alt.hw-b24z929@yopmail.com", "is_staff": false, "is_active": true, "date_joined": "2023-12-03T21:42:56.330Z", "groups": [], "user_permissions": []}}, {"model": "auth.user", "pk": 20, "fields": {"password": "pbkdf2_sha256$600000$REkJBwD6ifeUf1SYCPh93E$OCsBoe/quLT+BVSR2oI38pgeSRg9H8OOsC1WKoB9DXw=", "last_login": "2023-12-04T14:16:17.241Z", "is_superuser": true, "username": "mainadmin", "first_name": "", "last_name": "", "email": "admin@fake.com", "is_staff": true, "is_active": true, "date_joined": "2023-12-03T22:32:47.452Z", "groups": [], "user_permissions": []}}, {"model": "auth.user", "pk": 21, "fields": {"password": "pbkdf2_sha256$600000$sww7be7a1Wf6DyOaVv2VVX$+j5AeBD3/hwVQxSYbEHktrO/lHHjMLP4vY2j0eJ423w=", "last_login": "2024-01-26T20:13:26.218Z", "is_superuser": false, "username": "testuser", "first_name": "", "last_name": "", "email": "tester@test.com", "is_staff": false, "is_active": true, "date_joined": "2024-01-03T19:54:26.664Z", "groups": [], "user_permissions": []}}, {"model": "contenttypes.contenttype", "pk": 1, "fields": {"app_label": "admin", "model": "logentry"}}, {"model": "contenttypes.contenttype", "pk": 2, "fields": {"app_label": "auth", "model": "permission"}}, {"model": "contenttypes.contenttype", "pk": 3, "fields": {"app_label": "auth", "model": "group"}}, {"model": "contenttypes.contenttype", "pk": 4, "fields": {"app_label": "auth", "model": "user"}}, {"model": "contenttypes.contenttype", "pk": 5, "fields": {"app_label": "contenttypes", "model": "contenttype"}}, {"model": "contenttypes.contenttype", "pk": 6, "fields": {"app_label": "sessions", "model": "session"}}, {"model": "contenttypes.contenttype", "pk": 7, "fields": {"app_label": "blog", "model": "post"}}, {"model": "contenttypes.contenttype", "pk": 8, "fields": {"app_label": "users", "model": "profile"}}, {"model": "contenttypes.contenttype", "pk": 9, "fields": {"app_label": "users", "model": "notification"}}, {"model": "contenttypes.contenttype", "pk": 10, "fields": {"app_label": "users", "model": "card"}}, {"model": "contenttypes.contenttype", "pk": 11, "fields": {"app_label": "users", "model": "transaction"}}, {"model": "sessions.session", "pk": "2ywuyctzpxojg7khhlpkyn9j9uqhnajh", "fields": {"session_data": "e30:1r8DeY:ieC54O_expTxDu0sr5bWYElYVo9_JW53J5A8BIiQ4tg", "expire_date": "2023-12-13T06:02:30.409Z"}}, {"model": "sessions.session", "pk": "9bbt8uguwbnt49li2036gf51tvodh2mb", "fields": {"session_data": ".eJxVjEEOwiAQRe_C2hAoMBCX7j0DmWFAqgaS0q6Md9cmXej2v_f-S0Tc1hq3kZc4szgLLU6_G2F65LYDvmO7dZl6W5eZ5K7Igw557Zyfl8P9O6g46rc2EwRQGoyzll1CcIhIFtCXDC5pOwXNGQPkQlYZ0uzJIhQwXlFhLd4f0Ec37w:1r9qKU:RjmrvSCLLxZw5bkzCTAd65ghvI_otIt7ThL5URcxLBo", "expire_date": "2023-12-17T17:32:30.177Z"}}, {"model": "sessions.session", "pk": "edtjl2y8mhqdeer1kcji71pcekmgg2l3", "fields": {"session_data": "e30:1r8DfJ:GR40S3mrUSgZkMTW2wBk_p6P-ou2I-ea3Gq84jL6oxA", "expire_date": "2023-12-13T06:03:17.735Z"}}, {"model": "sessions.session", "pk": "eonekoqmbovazz3lq99kz8i8dp6mgqwu", "fields": {"session_data": "e30:1r82Mp:fQkDu36_r81Xs9bzYxxOgdmuhS6pUI2q0aTnj_J9EXc", "expire_date": "2023-12-12T17:59:27.459Z"}}, {"model": "sessions.session", "pk": "kju0qr7l153009f5uj00cjawpmjefoff", "fields": {"session_data": ".eJxVjDsOwjAQBe_iGlnr7xpK-pzBWq8tHEC2FCcV4u4QKQW0b2beS0Ta1hq3UZY4Z3ERWonT75iIH6XtJN-p3brk3tZlTnJX5EGHnHouz-vh_h1UGvVbBwOAaAOyK4zgmMhoTbqAD2zIp6RBZQPWESqL6Mg7hKAoOD6jMuL9AdyzNp4:1rL7Ju:ICCgL5_JYwobp_TvDSnlVNak5V6fSgJqm1HpyJX0pt0", "expire_date": "2024-01-17T19:54:30.620Z"}}, {"model": "sessions.session", "pk": "luwxu08p88jgqb0jbavwt42lhz39cc22", "fields": {"session_data": "e30:1r82MG:xx6FWGRdBrj4RXGr2Hw_2l62jefq5acTOphJUdD7xfw", "expire_date": "2023-12-12T17:58:52.873Z"}}, {"model": "sessions.session", "pk": "rhqeay2fvvlb2wpz2rjnga88931rnvfc", "fields": {"session_data": "e30:1r82I4:axCmZo588LlQUDNEeqFuinW5o3g18bos1BwBZI9LK9g", "expire_date": "2023-12-12T17:54:32.159Z"}}, {"model": "sessions.session", "pk": "tzwkk8qqgtsm1lyyaayja5bl9sw8mexh", "fields": {"session_data": ".eJxVjEEOwiAQRe_C2hAoMBCX7j0DmWFAqgaS0q6Md9cmXej2v_f-S0Tc1hq3kZc4szgLLU6_G2F65LYDvmO7dZl6W5eZ5K7Igw557Zyfl8P9O6g46rc2EwRQGoyzll1CcIhIFtCXDC5pOwXNGQPkQlYZ0uzJIhQwXlFhLd4f0Ec37w:1rAsA5:bFFpfanDADZubKSZQKEQ8egHbTbU3wqSiOrN61yE0nE", "expire_date": "2023-12-20T13:42:01.103Z"}}, {"model": "sessions.session", "pk": "ubaeqb59q341azq0upjcovatk3gevaq7", "fields": {"session_data": "e30:1r8Doc:1L50_tDmvIl_QS_yOs4WE0OVn4Sk3h0MpAtq8pAmICc", "expire_date": "2023-12-13T06:12:54.352Z"}}, {"model": "sessions.session", "pk": "ul46s1s399n6zi8uott1bgfn69o4qk4c", "fields": {"session_data": ".eJxVjEEOwiAQRe_C2hAoMBCX7j0DmWFAqgaS0q6Md9cmXej2v_f-S0Tc1hq3kZc4szgLLU6_G2F65LYDvmO7dZl6W5eZ5K7Igw557Zyfl8P9O6g46rc2EwRQGoyzll1CcIhIFtCXDC5pOwXNGQPkQlYZ0uzJIhQwXlFhLd4f0Ec37w:1rEZQ6:e7qVeEABXZU8enXTNQwniSlnLqnBzwqxuR7W2Ofq66g", "expire_date": "2023-12-30T18:29:50.451Z"}}, {"model": "sessions.session", "pk": "y2n61ynmw0j6zbx79xsxaxwn6hl9vj08", "fields": {"session_data": ".eJxVjDsOwjAQBe_iGln-xl5Kes5g2btrHECOlE-FuDtESgHtm5n3Eilva0vbwnMaSZyFBnH6HUvGB_ed0D332yRx6us8Frkr8qCLvE7Ez8vh_h20vLRvXQO5gi5H9LVEZwO7oQBQURFstegYERWrCsYTG83Ba1BkwxAMRkDx_gAsRziE:1rAYr5:PzO4YqsBzh2x9EFRJ5v-ev1WXhU4neuhAVavdfB8tdY", "expire_date": "2023-12-19T17:05:07.060Z"}}, {"model": "sessions.session", "pk": "ztn78vtc4qat5983ss31pmszvhj27byk", "fields": {"session_data": "e30:1r8DfZ:KGyl5qMIU7nsP2iLktAVpqvN-Zsr_21DVDQlM1Qay5U", "expire_date": "2023-12-13T06:03:33.144Z"}}, {"model": "blog.post", "pk": 2, "fields": {"title": "post1", "content": "this is a test post 1", "date": "2023-11-29T12:19:00.652Z", "author": 9}}, {"model": "blog.post", "pk": 3, "fields": {"title": "post 2", "content": "this is a test post 2", "date": "2023-11-29T12:19:14.900Z", "author": 9}}, {"model": "blog.post", "pk": 4, "fields": {"title": "post 3", "content": "this is a test post 3", "date": "2023-11-29T12:19:30.355Z", "author": 9}}, {"model": "blog.post", "pk": 5, "fields": {"title": "post 4", "content": "this is a test post 4", "date": "2023-11-29T12:19:44.477Z", "author": 9}}, {"model": "blog.post", "pk": 6, "fields": {"title": "post 5", "content": "this is a test post 5", "date": "2023-11-29T12:20:35.356Z", "author": 9}}, {"model": "blog.post", "pk": 7, "fields": {"title": "post 1", "content": "this is a test post 1", "date": "2023-11-29T13:05:10.875Z", "author": 9}}, {"model": "blog.post", "pk": 8, "fields": {"title": "another test post", "content": "hehehe", "date": "2023-11-29T16:51:24.675Z", "author": 1}}, {"model": "users.notification", "pk": 4, "fields": {"user": 1, "message": "wefewfwe", "timestamp": "2023-12-03T13:44:37.080Z", "is_read": false}}, {"model": "users.notification", "pk": 5, "fields": {"user": 1, "message": "New transaction by benny. Amount: $500", "timestamp": "2023-12-03T15:52:43.022Z", "is_read": false}}, {"model": "users.notification", "pk": 6, "fields": {"user": 1, "message": "New transaction by benny. Amount: $70", "timestamp": "2023-12-03T15:55:38.063Z", "is_read": false}}, {"model": "users.notification", "pk": 7, "fields": {"user": 1, "message": "New transaction by benny. Amount: $23", "timestamp": "2023-12-03T20:16:08.992Z", "is_read": false}}, {"model": "users.notification", "pk": 8, "fields": {"user": 1, "message": "test notification", "timestamp": "2023-12-03T21:11:42.618Z", "is_read": false}}, {"model": "users.notification", "pk": 9, "fields": {"user": 1, "message": "New transaction by benny_wallet_test2. Amount: $24", "timestamp": "2023-12-04T14:16:57.795Z", "is_read": false}}, {"model": "users.notification", "pk": 10, "fields": {"user": 1, "message": "New transaction by benny. Amount: $45", "timestamp": "2023-12-06T17:10:27.381Z", "is_read": false}}, {"model": "users.notification", "pk": 11, "fields": {"user": 1, "message": "New transaction by benny. Amount: $362", "timestamp": "2023-12-07T21:58:59.715Z", "is_read": false}}, {"model": "users.notification", "pk": 12, "fields": {"user": 1, "message": "you just have 10k", "timestamp": "2023-12-07T22:01:44.703Z", "is_read": false}}, {"model": "users.notification", "pk": 13, "fields": {"user": 1, "message": "New transaction by benny. Amount: $50", "timestamp": "2023-12-13T11:40:24.712Z", "is_read": false}}, {"model": "users.notification", "pk": 14, "fields": {"user": 1, "message": "New transaction by benny. Amount: $950", "timestamp": "2023-12-14T16:54:05.709Z", "is_read": false}}, {"model": "users.notification", "pk": 15, "fields": {"user": 1, "message": "New transaction by benny. Amount: $2000", "timestamp": "2023-12-15T08:53:28.913Z", "is_read": false}}, {"model": "users.notification", "pk": 16, "fields": {"user": 1, "message": "New transaction by benny. Amount: $1000", "timestamp": "2023-12-16T18:30:43.225Z", "is_read": false}}, {"model": "users.notification", "pk": 17, "fields": {"user": 1, "message": "New transaction by benny. Amount: $6000", "timestamp": "2023-12-16T18:30:59.573Z", "is_read": false}}, {"model": "users.notification", "pk": 18, "fields": {"user": 1, "message": "New transaction by benny. Amount: $10000", "timestamp": "2023-12-16T18:37:11.112Z", "is_read": false}}, {"model": "users.card", "pk": 4, "fields": {"user": 1, "card_number": "123424324", "cardholder_name": "bwen", "expiry_date": "2012-12-03", "security_code": "123", "billing_address": "testing testing"}}, {"model": "users.card", "pk": 5, "fields": {"user": 1, "card_number": "1234356778", "cardholder_name": "henry", "expiry_date": "2020-12-03", "security_code": "123", "billing_address": "this is a test location"}}, {"model": "users.card", "pk": 7, "fields": {"user": 19, "card_number": "12345534", "cardholder_name": "benny_test_wallet2", "expiry_date": "2012-12-03", "security_code": "123", "billing_address": "this is a test card"}}, {"model": "users.card", "pk": 8, "fields": {"user": 1, "card_number": "1231241243", "cardholder_name": "benny_card", "expiry_date": "2012-12-03", "security_code": "232", "billing_address": "wqijewojifowejf"}}, {"model": "users.card", "pk": 9, "fields": {"user": 1, "card_number": "1233123", "cardholder_name": "benny card2", "expiry_date": "2012-12-20", "security_code": "322", "billing_address": "ewfnoweifoewf"}}, {"model": "users.card", "pk": 10, "fields": {"user": 1, "card_number": "test_card", "cardholder_name": "tester", "expiry_date": "2011-12-04", "security_code": "123", "billing_address": "i am trying to make payments"}}, {"model": "users.profile", "pk": 6, "fields": {"user": 1, "image": "profile_pics/sample_profile_photo_ZqlcIRQ.jpg", "wallet": "1000.00", "full_name": null, "date_of_birth": null, "phone_number": null, "identification_type": "id_card", "id_front_image": "user_identification/ID_front_CGeKu8J.jpg", "id_back_image": "user_identification/ID_back_CCMmQZy.jpg", "selfie_with_id_image": "user_identification/selfie_with_ID_Upimse1.jpg", "social_security_number": "12345678", "cards": []}}, {"model": "users.profile", "pk": 7, "fields": {"user": 9, "image": "profile_pics/batman_arkham_city_wallpaper_1_by_crossdominatrix5_d2vyfci-fullview.jpg", "wallet": "0.00", "full_name": null, "date_of_birth": null, "phone_number": null, "identification_type": null, "id_front_image": "", "id_back_image": "", "selfie_with_id_image": "", "social_security_number": null, "cards": []}}, {"model": "users.profile", "pk": 17, "fields": {"user": 19, "image": "profile_pics/sample_profile_photo_86edjzG.jpg", "wallet": "4976.00", "full_name": null, "date_of_birth": null, "phone_number": null, "identification_type": null, "id_front_image": "", "id_back_image": "", "selfie_with_id_image": "", "social_security_number": null, "cards": []}}, {"model": "users.profile", "pk": 18, "fields": {"user": 20, "image": "default.jpg", "wallet": "0.00", "full_name": "efqwef", "date_of_birth": null, "phone_number": null, "identification_type": null, "id_front_image": "", "id_back_image": "", "selfie_with_id_image": "", "social_security_number": null, "cards": []}}, {"model": "users.profile", "pk": 19, "fields": {"user": 21, "image": "default.jpg", "wallet": "0.00", "full_name": null, "date_of_birth": null, "phone_number": null, "identification_type": null, "id_front_image": "", "id_back_image": "", "selfie_with_id_image": "", "social_security_number": null, "cards": []}}, {"model": "users.transaction", "pk": 1, "fields": {"user": 1, "card": 4, "bank": "fakebank", "amount": "20.00", "timestamp": "2023-12-02T19:27:20.005Z"}}, {"model": "users.transaction", "pk": 2, "fields": {"user": 1, "card": 4, "bank": "fakebank", "amount": "20.00", "timestamp": "2023-12-02T19:28:44.522Z"}}, {"model": "users.transaction", "pk": 3, "fields": {"user": 1, "card": 4, "bank": "fakebank", "amount": "20.00", "timestamp": "2023-12-02T19:28:49.634Z"}}, {"model": "users.transaction", "pk": 4, "fields": {"user": 1, "card": 4, "bank": "fakebank", "amount": "20.00", "timestamp": "2023-12-02T19:28:53.364Z"}}, {"model": "users.transaction", "pk": 5, "fields": {"user": 1, "card": 4, "bank": "fakebank", "amount": "100.00", "timestamp": "2023-12-02T19:29:36.180Z"}}, {"model": "users.transaction", "pk": 6, "fields": {"user": 1, "card": 4, "bank": "bank_of_america", "amount": "100000.00", "timestamp": "2023-12-02T19:39:15.016Z"}}, {"model": "users.transaction", "pk": 7, "fields": {"user": 1, "card": 4, "bank": "bank_of_america", "amount": "100.00", "timestamp": "2023-12-02T20:41:29.849Z"}}, {"model": "users.transaction", "pk": 8, "fields": {"user": 1, "card": 4, "bank": "bank_of_america", "amount": "100.00", "timestamp": "2023-12-02T20:45:39.760Z"}}, {"model": "users.transaction", "pk": 9, "fields": {"user": 1, "card": 4, "bank": "bank_of_america", "amount": "100.00", "timestamp": "2023-12-02T20:52:23.380Z"}}, {"model": "users.transaction", "pk": 10, "fields": {"user": 1, "card": 4, "bank": "bank_of_america", "amount": "100.00", "timestamp": "2023-12-02T20:56:33.283Z"}}, {"model": "users.transaction", "pk": 11, "fields": {"user": 1, "card": 4, "bank": "bank_of_america", "amount": "6.00", "timestamp": "2023-12-02T20:57:04.267Z"}}, {"model": "users.transaction", "pk": 12, "fields": {"user": 1, "card": 4, "bank": "bank_of_america", "amount": "6.00", "timestamp": "2023-12-02T20:57:14.013Z"}}, {"model": "users.transaction", "pk": 13, "fields": {"user": 1, "card": 4, "bank": "wells_fargo", "amount": "4.00", "timestamp": "2023-12-02T20:57:39.130Z"}}, {"model": "users.transaction", "pk": 14, "fields": {"user": 1, "card": 5, "bank": "bank_of_america", "amount": "150.00", "timestamp": "2023-12-02T22:48:57.615Z"}}, {"model": "users.transaction", "pk": 15, "fields": {"user": 1, "card": 5, "bank": "bank_of_america", "amount": "100.00", "timestamp": "2023-12-02T23:38:18.960Z"}}, {"model": "users.transaction", "pk": 16, "fields": {"user": 1, "card": 5, "bank": "bank_of_america", "amount": "100.00", "timestamp": "2023-12-02T23:42:32.686Z"}}, {"model": "users.transaction", "pk": 17, "fields": {"user": 1, "card": 5, "bank": "bank_of_america", "amount": "100.00", "timestamp": "2023-12-02T23:43:22.129Z"}}, {"model": "users.transaction", "pk": 18, "fields": {"user": 1, "card": 5, "bank": "bank_of_america", "amount": "100.00", "timestamp": "2023-12-02T23:45:18.318Z"}}, {"model": "users.transaction", "pk": 19, "fields": {"user": 1, "card": 5, "bank": "bank_of_america", "amount": "100.00", "timestamp": "2023-12-03T12:24:10.483Z"}}, {"model": "users.transaction", "pk": 20, "fields": {"user": 1, "card": 5, "bank": "bank_of_america", "amount": "100.00", "timestamp": "2023-12-03T12:25:50.528Z"}}, {"model": "users.transaction", "pk": 21, "fields": {"user": 1, "card": 4, "bank": "bank_of_america", "amount": "50.00", "timestamp": "2023-12-03T12:35:23.329Z"}}, {"model": "users.transaction", "pk": 22, "fields": {"user": 1, "card": 4, "bank": "bank_of_america", "amount": "50.00", "timestamp": "2023-12-03T12:35:55.668Z"}}, {"model": "users.transaction", "pk": 23, "fields": {"user": 1, "card": 4, "bank": "bank_of_america", "amount": "50.00", "timestamp": "2023-12-03T12:36:33.000Z"}}, {"model": "users.transaction", "pk": 24, "fields": {"user": 1, "card": 4, "bank": "bank_of_america", "amount": "50.00", "timestamp": "2023-12-03T12:41:10.532Z"}}, {"model": "users.transaction", "pk": 25, "fields": {"user": 1, "card": 4, "bank": "bank_of_america", "amount": "50.00", "timestamp": "2023-12-03T12:41:44.570Z"}}, {"model": "users.transaction", "pk": 26, "fields": {"user": 1, "card": 4, "bank": "bank_of_america", "amount": "50.00", "timestamp": "2023-12-03T12:41:46.826Z"}}, {"model": "users.transaction", "pk": 27, "fields": {"user": 1, "card": 4, "bank": "bank_of_america", "amount": "50.00", "timestamp": "2023-12-03T12:41:58.305Z"}}, {"model": "users.transaction", "pk": 28, "fields": {"user": 1, "card": 4, "bank": "bank_of_america", "amount": "50.00", "timestamp": "2023-12-03T12:43:28.620Z"}}, {"model": "users.transaction", "pk": 29, "fields": {"user": 1, "card": 4, "bank": "bank_of_america", "amount": "50.00", "timestamp": "2023-12-03T12:46:45.240Z"}}, {"model": "users.transaction", "pk": 30, "fields": {"user": 1, "card": 4, "bank": "bank_of_america", "amount": "50.00", "timestamp": "2023-12-03T12:48:13.333Z"}}, {"model": "users.transaction", "pk": 31, "fields": {"user": 1, "card": 4, "bank": "bank_of_america", "amount": "50.00", "timestamp": "2023-12-03T12:48:46.211Z"}}, {"model": "users.transaction", "pk": 32, "fields": {"user": 1, "card": 4, "bank": "bank_of_america", "amount": "50.00", "timestamp": "2023-12-03T12:52:53.311Z"}}, {"model": "users.transaction", "pk": 33, "fields": {"user": 1, "card": 4, "bank": "bank_of_america", "amount": "50.00", "timestamp": "2023-12-03T13:00:34.369Z"}}, {"model": "users.transaction", "pk": 35, "fields": {"user": 1, "card": 4, "bank": "bank_of_america", "amount": "300.00", "timestamp": "2023-12-03T13:10:58.470Z"}}, {"model": "users.transaction", "pk": 36, "fields": {"user": 1, "card": 4, "bank": "bank_of_america", "amount": "50.00", "timestamp": "2023-12-03T13:27:38.676Z"}}, {"model": "users.transaction", "pk": 37, "fields": {"user": 1, "card": 5, "bank": "bank_of_america", "amount": "45.00", "timestamp": "2023-12-03T13:28:02.248Z"}}, {"model": "users.transaction", "pk": 38, "fields": {"user": 1, "card": 5, "bank": "bank_of_america", "amount": "45.00", "timestamp": "2023-12-03T13:30:59.565Z"}}, {"model": "users.transaction", "pk": 39, "fields": {"user": 1, "card": 5, "bank": "bank_of_america", "amount": "45.00", "timestamp": "2023-12-03T13:35:59.142Z"}}, {"model": "users.transaction", "pk": 40, "fields": {"user": 1, "card": 4, "bank": "wells_fargo", "amount": "65.00", "timestamp": "2023-12-03T13:43:23.596Z"}}, {"model": "users.transaction", "pk": 41, "fields": {"user": 1, "card": 4, "bank": "bank_of_america", "amount": "500.00", "timestamp": "2023-12-03T15:52:43.012Z"}}, {"model": "users.transaction", "pk": 42, "fields": {"user": 1, "card": 4, "bank": "bank_of_america", "amount": "70.00", "timestamp": "2023-12-03T15:55:38.052Z"}}, {"model": "users.transaction", "pk": 43, "fields": {"user": 1, "card": 4, "bank": "bank_of_america", "amount": "23.00", "timestamp": "2023-12-03T20:16:08.977Z"}}, {"model": "users.transaction", "pk": 44, "fields": {"user": 19, "card": 5, "bank": "bank_of_america", "amount": "24.00", "timestamp": "2023-12-04T14:16:57.786Z"}}, {"model": "users.transaction", "pk": 45, "fields": {"user": 1, "card": 5, "bank": "bank_of_america", "amount": "45.00", "timestamp": "2023-12-06T17:10:27.368Z"}}, {"model": "users.transaction", "pk": 46, "fields": {"user": 1, "card": 4, "bank": "bank_of_america", "amount": "362.00", "timestamp": "2023-12-07T21:58:59.705Z"}}, {"model": "users.transaction", "pk": 47, "fields": {"user": 1, "card": 4, "bank": "bank_of_america", "amount": "50.00", "timestamp": "2023-12-13T11:40:24.701Z"}}, {"model": "users.transaction", "pk": 48, "fields": {"user": 1, "card": 5, "bank": "bank_of_america", "amount": "950.00", "timestamp": "2023-12-14T16:54:05.698Z"}}, {"model": "users.transaction", "pk": 49, "fields": {"user": 1, "card": 10, "bank": "american_express", "amount": "2000.00", "timestamp": "2023-12-15T08:53:28.903Z"}}, {"model": "users.transaction", "pk": 50, "fields": {"user": 1, "card": 8, "bank": "bank_of_america", "amount": "1000.00", "timestamp": "2023-12-16T18:30:43.213Z"}}, {"model": "users.transaction", "pk": 51, "fields": {"user": 1, "card": 4, "bank": "bank_of_america", "amount": "6000.00", "timestamp": "2023-12-16T18:30:59.562Z"}}, {"model": "users.transaction", "pk": 52, "fields": {"user": 1, "card": 4, "bank": "bank_of_america", "amount": "10000.00", "timestamp": "2023-12-16T18:37:11.099Z"}}]